{
    "rmse": 0.7220539562150822,
    "mae": 0.5705143169261151,
    "r2": 0.18588083122134313
}